path,size_bytes,mtime_utc
/workspaces/Bond-Yield-Prediction/data/10年期国债收益率.xlsx,106709,2026-04-01T08:40:33.295651+00:00
/workspaces/Bond-Yield-Prediction/data/lpr.xlsx,1527,2026-04-01T08:40:33.295651+00:00
/workspaces/Bond-Yield-Prediction/data/债券发行与到期20250818国债及政金债.xlsx,10003,2026-04-01T08:40:33.295651+00:00
/workspaces/Bond-Yield-Prediction/data/债市需求_现券净买入_分机构统计.xlsx,144720,2026-04-01T08:40:33.296651+00:00
/workspaces/Bond-Yield-Prediction/data/现券成交分机构统计20230101 - 20230331.xlsx,62914,2026-04-01T08:40:33.296651+00:00
/workspaces/Bond-Yield-Prediction/data/现券成交分机构统计20230401 - 20230630.xlsx,9008,2026-04-01T08:40:33.296651+00:00
/workspaces/Bond-Yield-Prediction/data/现券成交分机构统计20230701 - 20230930.xlsx,145690,2026-04-01T08:40:33.297651+00:00
/workspaces/Bond-Yield-Prediction/data/现券成交分机构统计20240101 - 20240331.xlsx,169480,2026-04-01T08:40:33.298651+00:00
/workspaces/Bond-Yield-Prediction/data/现券成交分机构统计20240401 - 20240630.xlsx,172748,2026-04-01T08:40:33.299651+00:00
/workspaces/Bond-Yield-Prediction/data/现券成交分机构统计20240701 - 20240930.xlsx,175584,2026-04-01T08:40:33.300651+00:00
/workspaces/Bond-Yield-Prediction/data/现券成交分机构统计20241001 - 20241231.xlsx,171663,2026-04-01T08:40:33.301651+00:00
/workspaces/Bond-Yield-Prediction/data/现券成交分机构统计20250101 - 20250331.xlsx,172966,2026-04-01T08:40:33.302651+00:00
/workspaces/Bond-Yield-Prediction/data/现券成交分机构统计20250401 - 20250630.xlsx,173956,2026-04-01T08:40:33.302651+00:00
/workspaces/Bond-Yield-Prediction/data/现券成交分机构统计20250701 - 20250813.xlsx,176796,2026-04-01T08:40:33.303651+00:00
/workspaces/Bond-Yield-Prediction/data/资金与流动性.xlsx,30707,2026-04-01T08:40:33.304651+00:00
/workspaces/Bond-Yield-Prediction/data/高频宏观指标.xlsx,160737,2026-04-01T08:40:33.304651+00:00
/workspaces/Bond-Yield-Prediction/data/高频宏观指标_day.xlsx,174740,2026-04-01T08:40:33.305651+00:00
/workspaces/Bond-Yield-Prediction/data/高频宏观指标_week.xlsx,216836,2026-04-01T08:40:33.306651+00:00
